config,N,M,success_rate_pct,avg_reward,avg_length,total_violations,training_speed_eps_per_sec,training_time_sec
harsh,2000,500,98.2,-8.355999946594238,17.996,555,19335.04972859596,0.1034390926361084
gentle,2000,500,95.6,7.350599765777588,17.694,544,22915.874676624935,0.08727574348449707
