config,N,M,success_rate_pct,avg_reward,avg_length,total_violations,training_speed_eps_per_sec,training_time_sec
harsh,2000,500,98.2,-8.355999946594238,17.996,555,21505.391340015896,0.09299993515014648
gentle,2000,500,95.6,7.350599765777588,17.694,544,23273.372951797533,0.08593511581420898
