config,N,M,success_rate_pct,avg_reward,avg_length,total_violations,training_speed_eps_per_sec,training_time_sec
harsh,2000,500,98.2,-8.355999946594238,17.996,555,19489.943239770728,0.10261702537536621
gentle,2000,500,95.6,7.350599765777588,17.694,544,24037.916864866722,0.08320188522338867
