config,N,M,success_rate_pct,avg_reward,avg_length,total_violations,training_speed_eps_per_sec,training_time_sec
harsh,2000,500,98.2,-8.355999946594238,17.996,555,16588.53796913901,0.12056517601013184
gentle,2000,500,95.6,7.350599765777588,17.694,544,23891.748716210637,0.08371090888977051
