config,N,M,success_rate_pct,avg_reward,avg_length,total_violations,training_speed_eps_per_sec,training_time_sec
harsh,2000,500,98.2,-8.355999946594238,17.996,555,17810.850922432444,0.11229109764099121
gentle,2000,500,95.6,7.350599765777588,17.694,544,23268.014900657658,0.08595490455627441
